Year,State,County,CountyFIPS,Median_Household_Income,Unemployment_Rate,Income_Inequality_Gini,Households_on_Food_Stamps,Households_Income_Below_10K,Population_Income_Above_200PCT_Poverty,High_School_Graduation_Rate,Bachelor_Degree_Rate,Less_Than_High_School_Edu,Graduate_Degree_Rate,Youth_Not_in_School_or_Work,Uninsured_Rate_Under_64,Hospitals_with_Ambulance_per_1K,Median_Distance_to_ER,Median_Distance_to_Clinic,Advanced_Nurses_per_1K,Primary_Care_Shortage_Score,Households_No_Vehicle,Median_Home_Value,Percent_Homes_Built_Pre_1979,Days_Heat_Index_Above_100F,Storm_Injuries_Total,Elderly_Living_Alone,Single_Parent_Households,Non_Citizen_Population,Limited_English_Households,Injury_Death_Rate,Self_Harm_Death_Rate,Poverty_Rate,Premature_Death_Rate,Adult_Health_Score,Max_SDOH_Category,Max_SDOH_Percent
2020,Texas,Anderson County,48001,45847.0,3.4,0.44,12.47,4.68,57.9,39.03,7.18,17.5,4.12,1.25,17.53,0.0,6.33,4.52,0.78,2.0,5.0,110000.0,44.58,67.0,0.0,11.75,36.37,3.58,2.14,0.3721963135687319,0.8223915592028135,14.911153622224068,0.6609547123623012,0.4095291225917183,Education,29.86427842065859
2020,Texas,Andrews County,48003,75147.0,3.92,0.46,8.59,6.07,71.0,33.41,10.91,23.29,4.02,0.0,22.24,0.0,1.16,1.16,0.85,1.0,3.13,153200.0,54.86,15.0,0.0,7.49,25.86,9.65,7.4,0.322229624694648,0.3092028135990621,8.933425598612686,0.5698548697324708,0.5304979093922169,Economic Stability,27.728175285774814
2020,Texas,Angelina County,48005,49684.0,6.7,0.44,19.33,5.92,57.36,30.76,12.48,16.99,5.71,6.55,21.91,0.0,4.43,4.75,1.19,2.0,5.59,110500.0,41.02,67.0,0.0,10.23,36.29,5.48,2.37,0.3252276260270931,0.2690504103165299,16.721187324508623,0.6438188494492043,0.4892353614906964,Economic Stability,33.90876515351274
2020,Texas,Aransas County,48007,47924.0,9.32,0.52,14.81,9.89,55.71,29.11,15.73,12.89,7.43,0.0,24.18,0.0,11.47,2.29,0.5,1.0,5.83,183200.0,26.92,54.0,0.0,14.82,58.12,2.91,2.62,0.7205196535642904,0.984759671746776,22.84950891823025,0.7803811855219445,0.2171394254428686,Economic Stability,38.75991631114529
2020,Texas,Archer County,48009,63958.0,3.68,0.47,8.17,4.75,71.12,36.55,14.41,9.51,7.9,1.07,18.93,0.0,3.87,4.23,0.0,1.0,3.33,152000.0,50.78,60.0,0.0,14.29,21.77,2.78,1.76,0.5907172995780591,0.6661781946072685,10.866670778991892,0.1453051232732995,0.6689839167018756,Economic Stability,32.74707984220604
2020,Texas,Atascosa County,48013,59251.0,7.21,0.44,13.59,5.53,62.81,39.67,11.37,21.04,3.94,4.55,21.57,0.0,8.69,3.65,0.43,1.0,5.26,106000.0,33.11,87.0,0.0,10.96,24.01,5.43,7.39,0.320675105485232,0.3147713950762015,9.983563473053891,0.5086553593285541,0.5671271132496778,Education,28.809207374696538
2020,Texas,Austin County,48015,64468.0,5.58,0.43,9.0,5.81,70.05,33.44,16.03,12.42,6.92,0.28,17.11,0.0,3.05,2.71,0.5,1.0,4.17,197200.0,32.41,73.0,0.0,10.51,25.59,5.92,2.72,0.4924494781256939,0.5454279015240328,11.387037652730449,0.3021507256513376,0.616431931019086,Economic Stability,29.748284316839158
2020,Texas,Bandera County,48019,60361.0,7.11,0.44,7.63,3.55,68.54,31.9,15.3,10.27,7.12,3.13,23.33,0.0,19.13,8.62,0.38,1.0,1.07,202000.0,23.74,46.0,0.0,12.9,34.88,3.33,1.79,0.5198756384632467,0.656799531066823,13.965421491618754,0.3112432243399196,0.5916114207503919,Healthcare Access,41.88986402795572
2020,Texas,Bastrop County,48021,71820.0,5.12,0.42,8.56,4.73,68.9,30.61,14.59,16.85,6.94,2.35,20.16,0.0,6.84,6.63,0.36,1.0,3.92,199300.0,25.46,72.0,0.0,8.75,23.84,7.63,2.48,0.5390850544081722,0.3648886283704572,11.347983206717313,0.3255813953488373,0.6064367836312002,Economic Stability,38.01638725049035
2020,Texas,Bee County,48025,45287.0,8.34,0.47,15.73,9.5,55.01,33.59,5.62,20.81,5.17,1.38,21.65,0.0,2.99,1.86,0.46,1.0,6.73,88700.0,56.98,85.0,0.0,14.44,31.45,1.86,3.45,0.274594714634688,0.5067409144196952,18.659089066339067,0.565483476132191,0.5276574084883094,Economic Stability,34.597675406164115
2020,Texas,Bell County,48027,54987.0,7.46,0.44,13.66,6.26,64.36,25.74,16.68,9.06,8.65,2.48,15.07,0.0,2.91,11.39,1.69,2.0,6.25,153500.0,29.6,71.0,0.0,7.26,35.78,3.97,2.61,0.298023539862314,0.3771981242672919,13.759165948782208,0.3766392726001049,0.6468895620545136,Healthcare Access,39.05072548159339
2020,Texas,Bexar County,48029,58288.0,5.74,0.47,13.25,7.01,64.15,25.12,17.95,15.56,10.52,2.88,17.82,0.0,2.73,2.65,1.04,2.0,6.92,171200.0,41.14,66.0,0.0,9.04,34.51,7.42,6.65,0.2666000444148345,0.2277256740914419,13.83713889064176,0.3282042315090052,0.7003248803610024,Healthcare Access,34.506799277037224
2020,Texas,Blanco County,48031,70397.0,4.92,0.5,6.65,3.56,73.59,27.53,19.33,8.39,8.82,0.0,19.32,0.0,9.62,9.59,0.49,1.0,1.97,261300.0,32.67,43.0,2.0,11.4,21.57,3.1,1.29,0.522651565622918,0.7048651817116061,11.757688433632095,0.228186745934604,0.6358059645812015,Economic Stability,30.51988937690004
2020,Texas,Bosque County,48035,57337.0,4.26,0.41,10.13,4.14,66.73,32.96,12.99,11.67,5.54,3.59,22.04,0.0,7.16,7.28,0.43,1.0,3.36,135500.0,50.86,67.0,0.0,13.67,30.73,4.44,2.26,0.5309793471019321,0.3669402110199297,14.357679296907389,0.6527364923937751,0.4123702793311624,Economic Stability,32.22037953739152
2020,Texas,Bowie County,48037,51796.0,4.81,0.49,11.53,9.56,63.35,33.87,14.23,10.51,7.65,0.9,16.23,0.0,3.45,4.05,2.3,2.0,6.31,123200.0,45.23,47.0,0.0,12.53,38.79,2.3,0.92,0.3679769042860314,0.4094372801875733,16.777292191435773,0.5756251092848399,0.5032881351245293,Healthcare Access,40.65566082266018
2020,Texas,Brazoria County,48039,83325.0,4.76,0.42,7.84,3.32,78.37,25.03,19.93,11.16,11.16,2.14,14.92,0.0,5.16,3.85,0.64,2.0,2.69,213100.0,30.37,64.0,0.0,7.44,21.01,6.33,3.0,0.1630024428159005,0.245896834701055,7.652373127483949,0.2280118901905928,0.7897024495707687,Economic Stability,39.80795357335536
2020,Texas,Brazos County,48041,50289.0,4.37,0.51,9.06,11.66,57.87,20.52,22.33,11.72,19.08,0.15,13.1,0.0,2.41,3.36,0.74,2.0,5.45,217700.0,27.62,77.0,0.0,5.92,33.44,8.67,5.02,0.0335332000888296,0.133939038686987,23.898849840255597,0.1795768490994929,0.8688000266449567,Education,32.05913097899534
2020,Texas,Brewster County,48043,45296.0,4.19,0.47,11.6,8.48,65.89,18.34,27.21,15.07,13.55,3.49,23.25,0.0,0.88,0.58,0.97,2.0,6.43,171700.0,58.25,0.0,0.0,17.24,14.8,6.36,6.87,0.6143681989784587,1.0,16.445286536879628,0.4922189193915021,0.4203581886715611,Education,31.394248391877987
2020,Texas,Brown County,48049,49180.0,4.34,0.46,11.32,6.51,64.2,35.14,14.96,12.97,5.14,2.35,18.21,0.0,3.57,1.98,0.88,2.0,6.11,109500.0,59.68,60.0,3.0,13.14,26.92,2.52,1.92,0.3760826115922718,0.4000586166471277,13.23776747111076,0.7123623011015912,0.419751974196651,Healthcare Access,28.649861490819674
2020,Texas,Burleson County,48051,60058.0,3.94,0.44,9.21,4.78,74.91,36.91,15.52,15.87,5.76,0.0,17.3,0.0,8.36,5.36,0.16,1.0,4.54,126500.0,34.24,77.0,0.0,11.64,17.18,4.44,3.42,0.5176548967355097,0.2775498241500586,10.957084473049074,0.4841755551669873,0.5264432154641489,Economic Stability,32.263372178884715
2020,Texas,Burnet County,48053,59919.0,3.21,0.43,5.98,3.34,69.8,30.4,17.27,11.59,9.49,0.41,22.05,0.0,7.17,3.3,0.64,0.0,3.64,203300.0,30.12,62.0,0.0,12.83,18.75,4.27,1.34,0.5230957139684654,0.3634232121922626,7.474137678207739,0.2649064521769541,0.6477850932840616,Economic Stability,35.46093683429451
2020,Texas,Caldwell County,48055,59846.0,2.52,0.44,8.78,6.18,63.31,37.78,10.64,20.28,4.16,0.41,24.73,0.0,5.55,5.06,0.3,1.0,4.65,147200.0,40.91,76.0,0.0,10.09,30.19,8.51,6.77,0.3818565400843881,0.2558616647127784,14.42515795062384,0.4537506557090401,0.5876064780779817,Education,29.28109216667861
2020,Texas,Calhoun County,48057,57170.0,4.3,0.41,15.16,4.44,65.59,30.92,11.14,19.09,6.37,0.0,18.81,0.0,5.73,2.46,0.95,2.0,3.63,117400.0,55.08,76.0,0.0,12.82,26.76,6.57,6.78,0.2248500999333778,0.2409144196951934,8.620793576759063,0.3918517223290785,0.6733424946530202,Economic Stability,36.104604132439235
2020,Texas,Callahan County,48059,51955.0,4.23,0.42,8.79,5.73,65.12,34.81,16.93,11.4,5.51,0.0,22.33,0.0,14.64,4.18,0.43,0.0,3.16,100000.0,53.07,36.0,0.0,16.51,18.31,1.01,0.84,0.672440595158783,0.6148886283704572,10.230118892649484,0.6363000524567233,0.3549989271412854,Healthcare Access,32.301306440532244
2020,Texas,Cameron County,48061,41200.0,5.63,0.48,23.62,10.38,45.94,26.11,12.57,31.44,5.58,0.88,32.48,0.0,3.39,2.2,0.77,2.0,7.07,89700.0,33.21,90.0,0.0,10.65,36.73,14.62,15.78,0.0389740173217855,0.093200468933177,21.681524741081702,0.5091799265605874,0.6734797919737942,Economic Stability,33.04445047018868
2020,Texas,Camp County,48063,49539.0,6.45,0.46,17.17,9.01,59.32,33.39,14.41,12.28,7.47,5.23,21.44,0.0,3.65,2.75,0.23,2.0,5.7,109400.0,40.78,48.0,0.0,12.98,24.26,7.74,3.36,0.5026648900732845,0.3560961313012895,19.86669749859245,0.7095646091974122,0.3878521543294384,Economic Stability,34.86831305046415
2020,Texas,Cass County,48067,47539.0,8.15,0.45,15.14,7.64,60.81,42.67,12.72,13.09,5.59,2.53,17.03,0.0,4.64,4.48,0.57,1.0,7.99,91100.0,49.46,48.0,0.0,15.88,27.6,1.71,0.28,0.5324228292249611,0.619284876905041,17.936730946669126,0.6427697149851375,0.3926828345509251,Economic Stability,26.310467763845296
2020,Texas,Chambers County,48071,95989.0,7.06,0.44,6.88,4.32,75.89,26.56,14.89,10.25,7.59,6.36,12.57,0.0,6.26,9.07,0.37,1.0,2.59,224400.0,25.21,60.0,0.0,7.23,28.33,4.08,4.05,0.3175660670664001,0.354044548651817,14.610848582995953,0.4126595558664103,0.621729991495052,Economic Stability,35.03513913926891
2020,Texas,Cherokee County,48073,50199.0,6.49,0.44,14.79,6.11,59.35,31.52,11.53,19.13,5.91,0.92,24.88,0.0,3.18,1.6,0.76,2.0,5.46,111600.0,42.02,56.0,0.0,9.65,29.36,8.22,4.78,0.4661336886520097,0.3962485345838218,15.429943928228132,0.5737016961007171,0.4763140222855846,Healthcare Access,33.625855623131265
2020,Texas,Clay County,48077,63125.0,2.76,0.42,11.37,4.54,72.59,34.85,17.19,9.06,6.43,0.0,15.59,0.0,11.3,18.57,0.09,2.0,2.21,110000.0,54.39,61.0,0.0,13.44,31.1,2.35,0.0,0.773151232511659,0.8159437280187573,15.447694661985778,0.4137086903304773,0.4382350432463401,Healthcare Access,41.02167122416307
2020,Texas,Collin County,48085,100541.0,4.0,0.43,2.74,3.32,83.54,14.48,33.78,6.1,19.45,0.83,11.56,0.0,1.97,3.94,0.77,0.0,2.68,337200.0,13.11,58.0,0.0,6.16,17.34,11.29,4.76,0.0639573617588274,0.1884525205158264,6.3952408970751256,0.0,0.9619675394207692,Education,30.521302579882324
2020,Texas,Colorado County,48089,52663.0,3.88,0.47,7.75,6.64,65.0,38.09,14.1,15.68,4.97,1.39,20.02,0.0,3.07,3.08,0.42,2.0,4.97,131400.0,47.59,76.0,0.0,16.08,29.13,6.22,3.99,0.4792360648456585,0.354337631887456,9.941314257195142,0.4044413358978843,0.5781306158188263,Economic Stability,32.276917508459505
2020,Texas,Comal County,48091,80781.0,4.03,0.44,4.39,4.06,79.82,25.43,24.66,6.33,13.26,1.17,13.16,0.0,6.34,3.63,0.58,0.0,3.01,293600.0,19.64,62.0,0.0,8.96,18.85,2.83,2.2,0.2699311570064401,0.4651230949589684,7.872596757930659,0.1764294457072915,0.7666506759777962,Economic Stability,30.03682841190745
2020,Texas,Comanche County,48093,54889.0,6.14,0.43,9.19,7.4,66.79,32.71,14.35,14.28,5.78,1.57,17.53,0.15,4.87,0.92,0.58,2.0,4.84,110900.0,51.88,61.0,0.0,16.62,31.72,5.4,2.9,0.7953586497890295,0.4630715123094959,15.793215955126206,0.3873054729847876,0.482701970041469,Healthcare Access,65.07875224029695
2020,Texas,Cooke County,48097,62733.0,4.04,0.44,9.73,3.54,72.03,30.83,14.73,12.61,7.04,0.19,18.62,0.0,3.76,3.76,0.87,2.0,4.37,166700.0,46.77,52.0,0.0,11.07,29.23,6.1,2.64,0.4302687097490562,0.5978898007033997,12.724721634380597,0.3953488372093023,0.5739211046793617,Economic Stability,43.30014745635267
2020,Texas,Coryell County,48099,54712.0,6.66,0.41,10.89,4.92,65.53,27.79,11.24,11.19,5.68,1.26,12.45,0.0,5.28,15.54,0.44,1.0,4.6,120700.0,38.39,63.0,0.0,8.77,21.52,3.15,1.65,0.2121918720852765,0.4733294255568581,10.995456247456248,0.3699947543276796,0.6670126432221235,Healthcare Access,31.610142168938005
2020,Texas,Dallam County,48111,58956.0,3.05,0.5,9.81,1.58,57.14,28.47,13.27,31.89,3.74,0.0,31.09,0.0,10.75,8.83,0.82,2.0,1.75,95000.0,53.54,0.0,0.0,8.11,24.93,16.39,11.82,0.7979125027759271,0.7543962485345838,14.526054475264512,1.0,0.0851866243137635,Healthcare Access,26.019795861641043
2020,Texas,Dallas County,48113,61870.0,5.02,0.49,10.64,5.63,63.48,22.55,20.45,19.65,12.04,1.81,22.99,0.0,2.02,5.31,1.57,2.0,6.62,193900.0,49.65,65.0,0.0,7.63,35.74,16.79,9.78,0.2302909171663335,0.1814185228604924,13.22297116711453,0.3292533659730722,0.7152188529802073,Community Context,28.557854557870833
2020,Texas,Dawson County,48115,40469.0,7.28,0.51,14.6,8.31,49.98,33.65,11.63,28.43,2.83,2.23,18.9,0.0,1.79,1.45,0.46,1.0,8.98,80100.0,75.26,12.0,0.0,14.49,33.43,3.7,7.25,0.4931157006440151,0.4525205158264946,21.498258001306333,0.8539954537506558,0.2944159659737525,Economic Stability,33.53818599050701
2020,Texas,Deaf Smith County,48117,49790.0,3.29,0.39,15.78,4.91,57.09,37.77,8.53,27.28,3.48,4.21,24.65,0.0,0.93,0.64,1.04,1.0,4.2,91800.0,77.22,4.0,0.0,9.27,26.36,14.46,12.69,0.3572063069065067,0.2992379835873388,12.655129052475644,0.514075887392901,0.5544687771335736,Economic Stability,23.525125078729737
2020,Texas,Denton County,48121,90354.0,3.86,0.43,4.47,3.09,81.71,17.61,30.78,7.23,14.98,1.44,11.86,0.0,2.22,5.19,0.7,2.0,2.7,297100.0,14.58,63.0,0.0,6.23,19.4,8.18,3.31,0.033977348434377,0.1981242672919109,7.369450132100396,0.0423150900507082,0.9446053147100708,Economic Stability,31.588748618435357
2020,Texas,DeWitt County,48123,53815.0,6.75,0.5,12.06,6.6,62.37,39.97,9.15,17.18,3.06,6.69,17.24,0.0,2.31,2.06,0.5,2.0,6.43,121900.0,57.79,79.0,0.0,17.0,21.78,2.62,2.18,0.3291139240506329,0.4651230949589684,17.90574007521939,0.4236754677391153,0.6005482326454441,Education,28.276072276064045
2020,Texas,Duval County,48131,45349.0,8.83,0.43,27.56,10.39,57.53,30.4,5.35,29.55,3.81,0.0,23.5,0.0,27.07,3.7,0.36,1.0,12.44,61800.0,61.14,82.0,0.0,15.2,46.16,2.52,8.57,0.3829669109482566,0.4859320046893317,10.574998968434084,0.6137436614792797,0.468270529359022,Healthcare Access,32.68862565629151
2020,Texas,Eastland County,48133,41559.0,4.77,0.51,14.01,10.83,57.2,31.05,12.04,14.8,7.21,0.0,21.34,0.0,1.97,1.14,0.54,1.0,6.3,82600.0,67.91,53.0,0.0,17.96,14.74,2.74,2.72,0.5244281590051076,0.4343493552168815,18.765724236320917,0.5841930407413884,0.4487207923319464,Economic Stability,34.87161613896313
2020,Texas,Ector County,48135,63096.0,6.58,0.45,11.2,6.9,68.68,30.15,11.72,23.45,4.89,2.3,22.13,0.0,3.08,31.48,0.98,1.0,4.84,147900.0,55.22,17.0,0.0,9.03,30.4,8.85,8.84,0.4389296024872307,0.3112543962485345,12.315922782924146,0.6978492743486624,0.4184861150197799,Healthcare Access,41.8695556926834
2020,Texas,Ellis County,48139,79834.0,3.49,0.41,7.56,3.2,79.13,27.42,17.23,13.39,8.05,0.57,17.81,0.0,5.38,7.09,0.57,2.0,2.82,214500.0,25.92,67.0,0.0,7.92,23.45,4.46,2.55,0.1987563846324672,0.2444314185228605,8.211012241054613,0.2706766917293233,0.7535239277203798,Economic Stability,45.124835269595934
2020,Texas,El Paso County,48141,48292.0,6.21,0.47,20.08,8.82,54.45,23.16,16.07,21.05,7.95,1.81,23.05,0.0,2.07,1.37,1.04,2.0,6.9,126500.0,42.2,5.0,0.0,8.76,34.38,11.82,22.01,0.1496779924494781,0.1776084407971863,16.861825209114507,0.4617940199335549,0.660259346225305,Community Context,29.109693384742457
2020,Texas,Erath County,48143,55383.0,4.96,0.47,7.81,8.0,67.05,25.93,22.23,12.8,10.74,3.59,17.08,0.0,2.4,2.48,0.49,2.0,4.98,166300.0,43.08,54.0,0.0,10.36,28.4,6.0,2.47,0.336553408838552,0.2327080890973036,17.90538265725078,0.2822171708340619,0.7064328659382668,Education,36.23336136084588
2020,Texas,Falls County,48145,36854.0,8.11,0.5,18.01,13.8,56.0,34.92,8.98,22.55,3.44,0.25,17.43,0.0,1.88,1.79,0.52,1.0,10.12,76900.0,58.7,76.0,0.0,15.96,24.8,3.72,1.26,0.3396624472573839,0.197831184056272,23.26906328517588,0.4598706067494318,0.6023957833674985,Economic Stability,41.015722869394025
2020,Texas,Fannin County,48147,57898.0,4.66,0.47,11.84,8.29,65.87,36.04,12.19,14.44,5.75,1.31,21.22,0.0,9.63,1.66,0.42,1.0,3.47,139200.0,44.07,52.0,1.0,14.48,16.39,3.32,0.82,0.5485232067510548,0.5618405627198124,14.432231166331263,0.3783878300402168,0.5522262836785723,Healthcare Access,32.5097733585511
2020,Texas,Fayette County,48149,62872.0,4.09,0.45,7.46,6.55,71.54,39.5,16.3,10.88,6.03,0.0,13.9,0.0,5.37,4.04,0.47,2.0,4.77,193200.0,48.54,75.0,0.0,16.01,15.94,4.29,1.21,0.4863424383744169,0.1831770222743259,10.3406926268752,0.2883371218744536,0.6627772931355701,Economic Stability,23.86647040589487
2020,Texas,Fort Bend County,48157,100189.0,5.6,0.43,6.37,3.23,80.33,17.83,27.76,9.25,18.71,1.33,13.34,0.0,2.75,6.7,0.81,2.0,2.42,277600.0,14.57,71.0,0.0,4.9,17.89,12.8,5.52,0.0327559404841216,0.1594372801875732,7.6910911568989,0.0547298478755026,0.9413915811107044,Economic Stability,28.5319448805293
2020,Texas,Franklin County,48159,59632.0,6.44,0.44,7.85,2.63,75.26,24.96,22.48,9.44,7.8,11.71,19.79,0.0,4.43,4.64,0.09,1.0,1.52,144300.0,34.04,50.0,0.0,12.98,12.15,4.63,1.16,0.2670441927603819,0.4598475967174676,8.082361369063413,0.6885819199160692,0.4607528305504971,Education,34.036657790641854
2020,Texas,Freestone County,48161,52232.0,3.33,0.45,14.62,7.14,60.78,31.77,10.69,18.24,4.08,2.67,16.65,0.0,2.12,2.52,0.5,1.0,3.99,116800.0,38.66,67.0,0.0,13.94,31.19,3.68,1.9,0.4927825893848545,0.5723915592028135,16.9512182194617,0.523343241825494,0.4809201221689659,Healthcare Access,31.437406870423708
2020,Texas,Frio County,48163,48708.0,7.46,0.51,21.42,10.21,61.84,33.7,4.22,35.09,3.98,0.0,22.3,0.0,1.03,1.22,0.59,1.0,11.53,86000.0,45.97,91.0,0.0,14.96,50.41,14.2,14.23,0.1870974905618476,0.1553341148886283,23.695202141303746,0.584717607973422,0.5775067765585297,Economic Stability,27.483985449010405
2020,Texas,Galveston County,48167,74633.0,5.9,0.46,11.23,5.4,73.3,24.59,21.23,10.42,10.89,1.34,15.12,0.0,3.65,2.51,1.1,2.0,4.99,212600.0,38.56,57.0,0.0,9.99,26.62,5.31,2.79,0.2592715967133022,0.3259085580304806,10.68660967767234,0.357405140758874,0.6751845807276369,Education,30.888897473083084
2020,Texas,Gillespie County,48171,61445.0,4.29,0.46,4.93,3.62,72.22,29.97,23.83,10.31,10.32,2.36,27.63,0.0,3.03,28.83,0.67,2.0,5.39,311300.0,32.56,32.0,0.0,17.61,28.0,5.7,2.4,0.6620031090384187,0.5378077373974208,11.758489421157684,0.2323832837908725,0.6081883232742087,Healthcare Access,30.794960471484313
2020,Texas,Gonzales County,48177,58210.0,2.56,0.47,15.51,5.0,64.07,43.47,8.6,23.84,3.85,0.0,21.1,0.0,5.47,0.72,0.38,2.0,6.72,113700.0,47.92,81.0,0.0,10.97,29.87,8.58,7.66,0.5265378636464578,0.3086166471277842,12.140182908545723,0.519671271201259,0.4993742134725287,Education,35.41391848134148
2020,Texas,Gray County,48179,54679.0,5.14,0.48,14.73,7.09,62.91,32.14,10.61,20.27,4.49,2.69,24.71,0.0,1.7,20.54,0.78,1.0,4.88,79800.0,77.13,8.0,0.0,13.25,24.22,6.49,6.13,0.4429269375971574,0.3895076201641266,16.805579263595753,0.5326105962580872,0.5086047989495878,Healthcare Access,33.0543405220218
2020,Texas,Grayson County,48181,58296.0,4.37,0.44,10.79,5.52,69.65,29.97,14.08,10.36,6.51,2.0,19.14,0.0,3.41,7.93,0.98,2.0,4.13,152400.0,48.63,52.0,0.0,11.98,30.67,4.0,1.55,0.4249389296024872,0.4296600234466589,11.942875510899182,0.4577723378212975,0.5548889160818095,Healthcare Access,33.206820246034056
2020,Texas,Gregg County,48183,52027.0,4.08,0.47,14.25,6.87,59.4,27.97,14.85,15.4,6.31,1.27,20.72,0.0,2.51,3.91,1.89,2.0,5.9,144300.0,52.48,51.0,0.0,11.04,36.2,5.91,2.77,0.3831889851210304,0.3329425556858147,17.66493799967368,0.5854170309494666,0.5004988303254294,Healthcare Access,42.05046273513859
2020,Texas,Grimes County,48185,56086.0,5.37,0.48,13.6,5.7,63.95,34.12,11.25,18.76,7.01,10.65,18.51,0.0,8.83,9.98,0.27,2.0,3.02,163200.0,30.8,74.0,0.0,10.75,32.44,3.77,3.29,0.3884077281812125,0.414126611957796,15.687934160305344,0.4269977268753279,0.5858663842246599,Healthcare Access,33.643222127836516
2020,Texas,Guadalupe County,48187,75774.0,4.5,0.4,7.75,3.58,76.46,30.66,18.09,11.19,9.93,0.76,13.25,0.0,4.74,2.8,0.42,0.0,2.46,207700.0,23.38,70.0,0.0,7.5,24.63,3.16,2.58,0.2098600932711525,0.2866354044548651,8.88028058946115,0.2299353033747159,0.7704172495483381,Economic Stability,35.253579777615585
2020,Texas,Hale County,48189,47500.0,4.24,0.44,15.86,8.46,56.81,32.98,11.18,25.07,6.01,5.25,26.29,0.0,1.17,0.95,0.49,1.0,6.23,84500.0,77.24,9.0,0.0,12.71,33.47,6.96,6.15,0.2510548523206751,0.1899179366940211,16.328649000868808,0.7866759923063473,0.4336861552505869,Neighborhood and Environment,27.51331565345165
2020,Texas,Hamilton County,48193,46893.0,2.39,0.49,9.21,5.72,58.82,35.52,15.65,12.9,4.91,3.3,21.46,0.0,2.58,2.5,0.47,1.0,3.99,123600.0,66.08,57.0,0.0,18.26,14.32,2.24,0.17,0.6965356429047301,0.5533411488862837,18.64101773323053,0.372093023255814,0.5124493782864642,Economic Stability,31.183206695104033
2020,Texas,Hardin County,48199,61221.0,3.94,0.44,12.38,6.58,70.78,39.56,13.89,11.27,4.17,0.0,18.87,0.0,3.18,2.66,0.63,1.0,3.7,135600.0,35.83,75.0,0.0,11.43,27.49,1.35,0.78,0.3892960248723073,0.4832942555685814,11.838933394160584,0.5063822346564086,0.5310524261876045,Education,29.23144436976452
2020,Texas,Harris County,48201,63022.0,6.18,0.5,12.64,5.99,64.46,22.82,20.48,18.16,11.79,2.01,22.43,0.0,1.92,4.34,1.18,2.0,6.11,189400.0,40.48,71.0,1.0,7.16,32.8,15.99,11.39,0.2018654230512991,0.1723329425556858,14.271323582132355,0.2900856793145656,0.7481556712403024,Community Context,30.2005395477626
2020,Texas,Harrison County,48203,54234.0,6.06,0.46,14.19,8.33,62.99,31.75,13.96,13.6,6.36,0.9,18.43,0.0,14.64,3.37,0.54,2.0,5.7,137200.0,43.79,49.0,0.0,10.0,37.29,3.06,1.53,0.4604707972462802,0.4229191090269636,16.428985618245257,0.5146004546249345,0.5108065771484588,Healthcare Access,39.99775413583753
2020,Texas,Hays County,48209,68724.0,5.51,0.45,6.65,5.31,72.0,22.82,24.87,9.63,13.71,2.23,15.48,0.0,3.36,10.27,0.64,2.0,2.8,258000.0,14.62,64.0,0.0,6.66,23.05,5.51,3.23,0.1788807461692205,0.264654161781946,12.368156456307236,0.0820073439412484,0.8706659536062902,Education,30.105819726274685
2020,Texas,Henderson County,48213,49469.0,6.31,0.47,12.72,8.1,58.91,33.5,11.64,15.09,6.68,0.88,23.7,0.0,13.12,7.09,0.86,2.0,5.3,120700.0,36.9,61.0,0.0,13.37,25.82,3.42,1.58,0.5465245391960915,0.5386869871043376,16.985605209397345,0.6063997202308096,0.4183341073922531,Healthcare Access,35.475010918358315
2020,Texas,Hidalgo County,48215,41846.0,7.31,0.48,28.45,10.9,44.72,23.87,13.36,33.07,5.94,1.22,33.82,0.0,3.31,3.24,0.71,2.0,6.3,90000.0,20.74,99.0,0.0,7.2,33.51,18.54,19.95,0.0,0.0430832356389214,23.468434275939487,0.4570729148452527,0.7214479275289561,Economic Stability,34.439352860917325
2020,Texas,Hill County,48217,55615.0,6.23,0.43,12.59,5.9,66.35,34.21,12.08,15.52,5.42,2.74,20.52,0.0,2.39,2.43,0.3,2.0,4.87,112200.0,42.4,67.0,0.0,14.3,24.91,4.01,1.76,0.5538529868976239,0.5720984759671747,12.09253255315642,0.563734918692079,0.4383933051187479,Healthcare Access,29.61063969398276
2020,Texas,Hockley County,48219,47010.0,6.55,0.43,12.37,5.48,59.18,28.19,10.86,24.41,4.79,6.62,21.66,0.0,5.53,1.45,0.48,2.0,6.38,92900.0,57.38,9.0,0.0,14.27,21.52,6.07,5.82,0.5494115034421496,0.3933177022274325,14.74691029900332,0.7336947018709565,0.3556279576220379,Education,27.511185697024647
2020,Texas,Hood County,48221,71253.0,5.96,0.44,5.72,3.83,77.13,29.5,19.71,9.03,9.55,2.97,18.05,0.0,5.06,13.73,0.47,2.0,2.4,208700.0,22.12,65.0,0.0,12.14,15.7,1.38,1.46,0.6246946480124361,0.5413247362250879,9.124824202082268,0.3456898059101242,0.5510452484276858,Economic Stability,31.74980724317433
2020,Texas,Hopkins County,48223,54600.0,4.36,0.43,10.78,5.68,65.55,34.32,15.03,15.14,6.27,0.11,22.39,0.0,3.07,2.33,0.94,2.0,3.49,119600.0,46.72,51.0,0.0,11.32,20.4,4.33,1.55,0.6251387963579834,0.5603751465416178,11.514923050760991,0.445357579996503,0.4892062984405413,Healthcare Access,32.4490300395916
2020,Texas,Houston County,48225,40838.0,3.01,0.48,15.05,7.13,52.68,36.37,10.99,18.8,4.59,0.69,19.28,0.0,3.96,2.7,0.57,1.0,6.25,107500.0,55.95,68.0,0.0,15.57,40.3,1.94,1.89,0.5047745947146347,0.4211606096131302,20.403013828051183,0.5992306347263507,0.4469131797884861,Economic Stability,36.12766591980029
2020,Texas,Howard County,48227,57761.0,6.77,0.44,8.5,6.87,64.76,34.68,9.14,19.88,4.24,5.77,19.25,0.0,1.95,1.46,1.2,1.0,5.46,103500.0,74.56,19.0,0.0,12.0,35.27,9.2,1.47,0.5656229180546302,0.6465416178194606,16.20068243339507,0.6828116803637001,0.3559719545834447,Neighborhood and Environment,25.61336013345098
2020,Texas,Hunt County,48231,57467.0,4.86,0.44,12.43,5.88,64.46,34.59,13.45,14.44,6.94,2.4,18.78,0.0,6.84,3.52,0.73,2.0,5.77,135800.0,40.17,56.0,0.0,10.56,28.58,4.43,1.98,0.4150566289140572,0.3226846424384525,14.619725250763192,0.5189718482252141,0.531831438146809,Healthcare Access,37.606848685682266
2020,Texas,Hutchinson County,48233,57921.0,6.99,0.42,9.19,6.35,70.62,33.68,11.8,13.84,3.6,2.34,21.71,0.0,1.74,0.84,0.44,1.0,3.75,81600.0,62.19,9.0,1.0,12.45,31.41,2.96,1.92,0.4012880302020875,0.3305978898007033,14.235552960128876,0.7550271026403217,0.3935375403751103,Neighborhood and Environment,28.247888144285444
2020,Texas,Jack County,48237,54087.0,3.33,0.46,12.24,6.91,62.97,38.16,9.16,18.86,5.34,2.55,19.82,0.0,2.31,2.59,0.33,1.0,9.28,95200.0,62.32,59.0,0.0,11.11,29.21,3.97,4.83,0.8000222074172771,0.5193434935521688,17.594799966451397,0.307046686483651,0.5238309765294094,Healthcare Access,37.809877788380305
2020,Texas,Jackson County,48239,58243.0,4.79,0.41,14.81,6.09,68.16,33.14,11.43,18.57,3.97,0.0,21.71,0.0,3.91,2.7,0.61,1.0,5.77,110100.0,57.09,79.0,0.0,9.63,22.0,5.06,2.56,0.3188985121030424,0.373094958968347,12.651439709333133,0.458296905053331,0.592042807440254,Economic Stability,26.75805312494904
2020,Texas,Jasper County,48241,42756.0,10.06,0.47,12.55,6.94,57.95,44.86,7.87,15.0,5.44,5.09,23.65,0.0,2.57,1.73,0.71,1.0,5.21,105200.0,40.93,61.0,0.0,15.57,39.81,1.96,0.79,0.5297579391516767,0.485052754982415,20.05916204217536,0.6705717782829166,0.3902242757865055,Economic Stability,30.329169485051448
2020,Texas,Jefferson County,48245,50840.0,5.73,0.48,15.52,8.82,61.93,32.11,12.93,16.06,6.33,1.27,22.91,0.0,1.7,3.37,1.6,2.0,7.47,120300.0,58.65,68.0,1.0,10.84,38.5,7.94,5.37,0.3079058405507439,0.268464243845252,17.36781735751295,0.5710788599405492,0.5381345074859221,Healthcare Access,40.360090841905034
2020,Texas,Jim Wells County,48249,45857.0,3.68,0.47,17.59,10.36,56.36,35.22,12.57,21.83,3.6,1.07,19.26,0.0,2.97,1.09,0.77,2.0,7.18,76900.0,50.97,91.0,0.0,9.39,39.77,1.96,8.01,0.3221185876082612,0.391559202813599,18.38692798591627,0.7482077286238853,0.4152838662618305,Economic Stability,31.763208748949623
2020,Texas,Johnson County,48251,65311.0,3.51,0.4,8.98,4.03,68.93,35.81,13.47,14.24,6.05,0.89,19.27,0.0,5.44,2.33,0.64,0.0,2.26,168500.0,31.95,63.0,0.0,7.46,24.84,2.37,3.33,0.2252942482789252,0.2866354044548651,9.932026747333229,0.3498863437663927,0.6938163788110002,Economic Stability,37.23361814017688
2020,Texas,Jones County,48253,52471.0,5.99,0.41,13.83,6.06,66.82,38.15,9.2,21.02,2.65,2.32,22.62,0.0,3.8,11.19,0.4,1.0,5.21,80800.0,66.24,53.0,0.0,15.04,22.87,2.61,4.46,0.5735065511880968,0.4762602579132473,14.042036180741462,0.6209127469837386,0.4077743606620031,Education,24.983375257830463
2020,Texas,Kaufman County,48257,72179.0,5.32,0.41,9.95,4.0,70.53,33.07,14.18,14.18,5.99,2.94,14.95,0.0,6.84,10.58,0.46,0.0,3.34,195400.0,23.32,68.0,0.0,7.17,26.53,4.79,2.46,0.3161225849433711,0.3153575615474795,10.244101286173636,0.3871306172407764,0.6413490980177748,Healthcare Access,34.20608303820108
2020,Texas,Kendall County,48259,98692.0,4.33,0.48,3.86,2.83,80.58,19.2,28.7,5.95,16.56,2.02,12.66,0.0,16.01,14.73,1.03,0.0,2.31,378500.0,18.58,43.0,0.0,8.93,16.88,3.61,1.45,0.260937153009105,0.2831184056271981,5.583989985917696,0.0386431194264731,0.8702211418786647,Economic Stability,27.854141914624396
2020,Texas,Kerr County,48265,57196.0,4.29,0.44,8.71,4.07,67.78,28.26,18.17,10.68,10.01,1.69,23.6,0.0,2.35,22.74,1.27,2.0,3.23,193900.0,35.95,29.0,0.0,15.56,37.64,4.16,1.7,0.4473684210526315,0.5888042203985931,12.746241233140656,0.3710438887917469,0.584282718369303,Healthcare Access,37.30630288893529
2020,Texas,Kleberg County,48273,47301.0,6.03,0.48,18.95,14.95,55.66,27.77,17.15,20.94,7.15,0.0,17.74,0.0,2.56,1.15,0.4,1.0,7.68,98500.0,58.92,89.0,0.0,9.25,46.19,3.57,5.81,0.2014212747057516,0.1052168815943728,20.707166772498987,0.6490645217695401,0.5396132163671132,Economic Stability,37.482777772925324
2020,Texas,Lamar County,48277,48036.0,3.86,0.46,13.72,11.23,59.52,33.48,12.8,13.93,5.94,1.15,20.66,0.0,3.61,1.04,1.42,2.0,7.22,108500.0,46.75,50.0,0.0,15.17,41.41,2.3,1.23,0.4726848767488341,0.4246776084407971,17.70385704048728,0.7261759048784753,0.3800212332041849,Healthcare Access,29.439231626336543
2020,Texas,Lampasas County,48281,64808.0,7.13,0.41,9.77,5.98,72.25,29.28,12.35,10.15,6.07,2.83,17.3,0.0,5.77,6.94,0.37,2.0,5.42,166500.0,37.38,61.0,0.0,11.2,27.46,2.52,0.6,0.2830335332000888,0.4111957796014067,10.547225024406115,0.2713761147053681,0.7111446932566118,Economic Stability,40.687294628443546
2020,Texas,Lavaca County,48285,54211.0,3.32,0.45,8.43,3.96,69.31,40.7,13.29,13.81,4.57,4.49,12.06,0.0,2.72,1.42,0.4,0.0,4.97,171000.0,55.72,77.0,0.0,16.02,24.39,3.21,2.43,0.3032422829224961,0.2388628370457209,9.59121029668412,0.3490120650463368,0.6757337923908768,Healthcare Access,31.19869050038161
2020,Texas,Lee County,48287,56696.0,2.49,0.42,10.49,4.53,68.8,36.59,9.44,17.0,4.54,3.6,18.74,0.0,5.52,1.52,0.23,1.0,2.91,162800.0,35.25,76.0,0.0,11.27,33.51,6.58,5.62,0.5631801021541194,0.4384525205158265,11.214644449659705,0.3853820598006645,0.5559714814217828,Economic Stability,33.908649985300165
2020,Texas,Leon County,48289,43392.0,5.86,0.49,8.61,4.8,59.73,39.04,11.27,18.09,3.73,4.72,25.23,0.0,13.65,8.43,0.34,2.0,3.03,120300.0,30.25,69.0,0.0,16.64,28.55,4.56,3.06,0.7104152787030867,0.6028722157092614,18.683804996110293,0.4497289735967827,0.4567508106600783,Healthcare Access,32.649348591522056
2020,Texas,Liberty County,48291,50917.0,7.54,0.45,16.59,8.05,61.42,39.05,7.12,21.76,2.76,4.5,26.84,0.0,7.94,4.54,0.36,1.0,5.58,115300.0,35.86,74.0,0.0,10.54,24.89,6.54,4.71,0.5451920941594492,0.4232121922626025,14.49441475409836,0.5625109284840006,0.4566145954355045,Education,34.56238794985986
2020,Texas,Limestone County,48293,45781.0,5.93,0.45,14.25,8.73,55.73,35.26,11.72,16.81,4.96,4.71,22.74,0.0,1.25,9.21,0.64,2.0,4.14,115400.0,46.45,69.0,0.0,12.63,30.48,7.43,3.82,0.3558738618698644,0.4340562719812426,18.604750806451616,0.6574575974820773,0.45535765575167,Economic Stability,32.954190061010195
2020,Texas,Live Oak County,48297,50212.0,2.95,0.47,12.43,7.19,57.32,35.67,7.03,22.37,4.06,2.77,22.39,0.0,23.79,2.44,0.24,1.0,3.81,106200.0,53.53,94.0,0.0,14.61,36.29,5.31,4.75,0.3513213413280035,0.4366940211019929,19.687959683628478,0.4916943521594685,0.5559175841957185,Healthcare Access,37.67993095619387
2020,Texas,Llano County,48299,58941.0,6.53,0.53,7.33,5.06,69.05,26.81,18.48,13.52,7.41,14.38,25.72,0.0,8.98,2.19,0.23,2.0,4.1,235700.0,34.35,71.0,0.0,20.97,36.58,2.46,0.75,0.8191205862758162,0.6811254396248534,8.14949716713881,0.398671096345515,0.4469486223474607,Education,26.05884276532717
2020,Texas,Lubbock County,48303,53425.0,4.32,0.48,11.78,8.67,61.61,25.1,19.99,12.83,12.01,0.94,15.1,0.0,1.68,1.79,1.71,2.0,5.55,149200.0,47.7,12.0,2.0,9.14,32.02,4.2,2.8,0.3847435043304463,0.3558030480656506,18.097998821536414,0.6093722678789999,0.4833732831669011,Healthcare Access,31.570522494888074
2020,Texas,McCulloch County,48307,48618.0,4.92,0.43,13.74,7.55,59.88,31.35,11.15,19.64,6.52,0.0,24.35,0.0,1.06,0.88,0.0,2.0,5.93,96300.0,63.09,41.0,0.0,16.6,39.28,4.17,4.03,0.5565178769709083,0.5934935521688159,15.897330492057344,0.4936177653435915,0.4775246224856909,Healthcare Access,33.16383558705024
2020,Texas,McLennan County,48309,50210.0,4.57,0.48,12.18,8.73,59.14,27.66,15.87,14.58,9.16,1.72,16.58,0.0,4.65,3.58,0.93,2.0,6.03,152700.0,51.45,71.0,0.0,10.44,34.55,6.14,6.21,0.3164556962025316,0.3001172332942555,17.7308182594519,0.4030424899457948,0.6332260738423381,Economic Stability,31.991637647426863
2020,Texas,Marion County,48315,39093.0,10.91,0.49,23.68,11.97,55.1,39.78,13.2,13.89,3.48,7.92,13.16,0.0,8.43,8.45,0.4,1.0,5.64,98200.0,54.77,49.0,0.0,18.41,22.44,1.75,2.34,0.5279813457694869,0.5046893317702227,17.72006266021077,0.6980241300926735,0.3723221850365276,Economic Stability,40.89087136156001
2020,Texas,Matagorda County,48321,48733.0,6.42,0.46,15.19,10.41,59.48,29.88,12.91,17.92,6.61,0.0,20.14,0.0,6.59,5.06,0.74,2.0,6.34,128100.0,51.37,64.0,0.0,9.65,31.4,6.31,6.01,0.5044414834554741,0.2098475967174677,16.81944831813654,0.519671271201259,0.5158800325708556,Economic Stability,40.12273795579916
2020,Texas,Maverick County,48323,41385.0,7.69,0.46,26.59,11.03,44.53,24.01,12.02,38.53,3.64,0.57,32.77,0.0,2.46,1.18,0.31,1.0,6.66,100900.0,30.34,92.0,0.0,8.09,40.06,17.06,24.94,0.0889407061958694,0.0,28.75651266611296,0.7300227312467216,0.5353041493932063,Economic Stability,32.2372295617292
2020,Texas,Medina County,48325,62701.0,3.3,0.44,10.5,6.91,73.65,31.76,12.58,15.63,7.71,0.25,16.04,0.0,16.34,4.55,0.13,1.0,4.93,151600.0,35.49,77.0,0.0,12.05,27.43,2.68,4.2,0.2740395292027537,0.3089097303634232,9.453270090008418,0.3136912047560763,0.6986824453491858,Healthcare Access,39.19509733356244
2020,Texas,Midland County,48329,83217.0,3.42,0.47,5.68,4.27,77.3,26.09,19.84,15.88,7.6,2.25,18.5,0.0,2.1,21.18,0.92,1.0,3.47,233200.0,39.1,19.0,0.0,8.04,25.63,8.99,4.79,0.2681545636242505,0.3220984759671746,8.899022774327122,0.3595034096870083,0.6716417375038025,Economic Stability,36.80065474657305
2020,Texas,Milam County,48331,48253.0,6.54,0.48,12.91,5.91,62.88,39.29,10.43,16.43,4.69,3.96,19.3,0.0,4.34,4.42,0.73,1.0,3.27,111900.0,52.88,75.0,0.0,13.1,34.25,3.11,4.96,0.552076393515434,0.3534583821805392,14.094995474430537,0.3560062948067844,0.5854274668432452,Education,27.46304628583678
2020,Texas,Montague County,48337,57511.0,6.23,0.43,11.11,5.5,65.59,35.71,12.24,13.32,5.2,0.42,18.97,0.0,3.32,3.28,0.35,1.0,3.92,120100.0,55.21,52.0,0.0,11.8,32.3,2.68,0.93,0.6646679991117033,0.604337631887456,14.163111326746648,0.7786326280818325,0.2729862602286439,Healthcare Access,27.621758461972313
2020,Texas,Montgomery County,48339,83274.0,4.64,0.47,6.33,3.52,76.95,23.33,23.42,10.81,11.49,0.73,16.73,0.0,4.79,8.96,0.7,2.0,3.38,248100.0,15.71,72.0,0.0,7.0,18.33,8.31,3.33,0.1919831223628691,0.3417350527549824,9.012995980137148,0.1743311767791572,0.8036328519481466,Economic Stability,31.429785422525846
2020,Texas,Moore County,48341,53967.0,3.73,0.39,7.63,3.63,62.03,27.06,9.36,34.63,4.87,1.31,21.7,0.0,0.7,0.62,0.24,2.0,7.69,113100.0,58.36,5.0,0.0,8.23,21.64,21.13,16.88,0.4329335998223406,0.2963071512309495,10.916714817961958,0.535233432418255,0.5193491454792498,Community Context,28.224769585697796
2020,Texas,Nacogdoches County,48347,44507.0,7.66,0.51,18.13,9.43,54.68,28.84,15.23,16.3,9.21,1.89,20.56,0.0,2.9,2.17,1.16,2.0,6.6,137300.0,40.35,60.0,1.0,9.71,37.17,5.68,2.86,0.4119475904952253,0.3971277842907386,24.461804182201327,0.5076062248644868,0.5321392095036664,Economic Stability,52.70316624972943
2020,Texas,Navarro County,48349,47574.0,4.93,0.46,14.68,7.18,58.68,30.09,10.99,20.01,6.0,3.62,21.01,0.0,2.87,14.54,0.53,1.0,4.33,109700.0,47.67,67.0,0.0,9.45,28.32,8.74,5.33,0.3867421718854097,0.4747948417350527,15.07253415849542,0.5357579996502886,0.5150430644706986,Healthcare Access,34.11091300226806
2020,Texas,Newton County,48351,40690.0,11.01,0.47,15.71,11.1,55.09,43.03,7.12,18.7,1.68,6.74,26.68,0.0,6.44,4.94,0.07,1.0,7.26,80700.0,33.12,54.0,0.0,10.17,37.05,0.38,0.0,0.6064845658449922,0.5844079718640093,25.703806260418595,0.783703444658157,0.2893917662652072,Economic Stability,36.748224512994625
2020,Texas,Nolan County,48353,43692.0,7.93,0.5,14.18,6.82,56.08,34.55,10.73,17.38,4.34,6.42,20.61,0.0,1.99,1.99,0.81,2.0,7.16,80300.0,75.09,25.0,0.0,12.07,28.77,4.01,5.28,0.3946258050188763,0.3341148886283703,15.043678194393886,0.6051757300227314,0.4850953316178612,Economic Stability,29.214932318549685
2020,Texas,Nueces County,48355,56784.0,5.81,0.46,16.53,7.0,63.67,29.25,13.95,16.19,7.73,2.12,20.62,0.0,1.89,15.63,1.28,2.0,6.94,148100.0,51.21,84.0,0.0,9.54,35.99,5.39,4.04,0.2522762602709305,0.2930832356389214,15.125971575301564,0.5035845427522294,0.592858072703491,Healthcare Access,50.50575326032508
2020,Texas,Ochiltree County,48357,53431.0,3.81,0.39,11.94,3.39,53.09,33.18,12.26,25.7,4.43,0.0,25.85,0.0,1.61,1.61,0.63,2.0,2.6,104300.0,66.56,14.0,0.0,8.94,24.38,18.78,8.99,0.4640239840106596,0.4484173505275498,12.627992647058822,0.6342017835285889,0.4354299996268937,Economic Stability,25.80861067863983
2020,Texas,Orange County,48361,63488.0,4.47,0.43,13.69,5.49,71.88,36.82,12.44,11.61,3.55,1.22,19.06,0.0,7.25,3.14,0.48,1.0,5.24,116100.0,47.69,67.0,0.0,10.35,30.51,1.76,0.59,0.4242727070841661,0.3827667057444314,12.148680419704784,0.7051932155971323,0.4113255879420276,Economic Stability,29.44724554847906
2020,Texas,Palo Pinto County,48363,55986.0,5.84,0.44,9.45,5.35,63.53,35.36,12.01,12.3,6.07,4.68,20.7,0.0,3.46,3.29,0.61,2.0,4.3,115700.0,60.86,65.0,0.0,12.32,37.55,3.78,2.87,0.4052853653120142,0.5310668229777257,14.016260453032396,0.6620038468263683,0.4281054000128022,Education,25.48180958835731
2020,Texas,Panola County,48365,51297.0,2.88,0.46,14.4,5.8,59.55,31.17,11.56,15.96,4.0,0.0,20.07,0.0,8.29,6.1,0.3,1.0,4.63,117000.0,42.5,53.0,0.0,12.4,32.74,2.45,0.65,0.6285809460359759,0.3634232121922626,14.489713908450703,0.7513551320160867,0.3242703157603289,Economic Stability,26.670843364230645
2020,Texas,Parker County,48367,84189.0,4.75,0.43,5.75,3.68,78.36,28.1,17.29,10.99,9.41,0.55,16.62,0.0,6.65,4.83,0.49,1.0,2.56,236300.0,24.69,62.0,0.0,9.19,15.67,3.09,2.24,0.2952476127026426,0.4434349355216881,8.425580185864098,0.2594859241126071,0.7113906681694742,Economic Stability,38.20148542655992
2020,Texas,Pecos County,48371,53879.0,1.09,0.47,11.83,10.33,59.89,35.85,7.42,27.52,4.14,0.0,20.75,0.0,1.21,1.15,0.76,1.0,9.59,106000.0,61.59,10.0,0.0,13.25,24.9,8.1,8.24,0.440262047523873,0.6028722157092614,13.083512198053118,0.6008043364224516,0.447151562318441,Education,24.494545414453352
2020,Texas,Polk County,48373,50351.0,9.12,0.45,15.29,8.45,59.07,37.4,10.45,18.1,3.86,5.48,22.01,0.0,9.01,3.04,0.53,2.0,4.47,125500.0,40.94,72.0,33.0,13.3,42.62,3.87,1.33,0.7081945369753497,0.5703399765533411,16.727416760356313,0.6808882671795768,0.3219746809443148,Neighborhood and Environment,47.085049196708816
2020,Texas,Potter County,48375,43652.0,3.45,0.48,15.6,8.95,51.6,32.5,10.64,22.81,4.74,0.97,25.04,0.0,4.5,2.53,2.72,2.0,8.44,97000.0,73.76,6.0,0.0,10.55,34.5,11.47,6.86,0.5906062624916721,0.5791324736225087,18.752223322955,0.845077810806085,0.2578581874065965,Healthcare Access,33.98376755393012
2020,Texas,Rains County,48379,52612.0,3.95,0.46,13.28,8.98,68.27,37.69,10.69,16.96,4.61,0.0,23.32,0.0,15.24,2.67,0.08,1.0,3.86,131100.0,36.84,59.0,0.0,14.42,31.43,2.31,1.97,0.4128358871863202,0.4912075029308322,11.831911188109784,0.488546948767267,0.5339003142906604,Healthcare Access,38.66696065932661
2020,Texas,Randall County,48381,68186.0,3.6,0.44,6.35,3.62,75.6,24.24,21.05,7.0,9.89,1.23,11.27,0.0,2.92,5.41,0.56,2.0,3.01,174100.0,47.62,6.0,0.0,11.04,25.55,2.76,1.84,0.3191205862758161,0.4964830011723329,9.90746266259836,0.3278545200209827,0.6579028119874322,Economic Stability,31.524922488438783
2020,Texas,Red River County,48387,37135.0,5.14,0.46,13.59,8.57,58.83,39.49,11.39,11.04,4.28,3.53,19.29,0.0,9.73,12.8,0.42,1.0,6.24,77900.0,56.37,51.0,0.0,19.41,24.49,0.61,0.52,0.738951809904508,0.5844079718640093,22.21275815583715,0.9776184647665678,0.133302580982306,Community Context,24.05537102915207
2020,Texas,Robertson County,48395,53823.0,9.05,0.47,18.3,8.83,62.46,37.36,12.81,15.33,5.62,0.0,17.2,0.0,7.55,1.43,0.35,1.0,8.88,121600.0,52.04,76.0,0.0,12.82,32.5,2.77,2.16,0.5034421496779924,0.2365181711606095,13.647570055721554,0.5076062248644868,0.5207518030618492,Healthcare Access,32.03196696367201
2020,Texas,Rockwall County,48397,105956.0,3.73,0.41,3.59,1.33,87.75,17.56,26.96,6.98,15.89,1.99,10.41,0.0,3.8,14.53,0.73,0.0,1.76,283000.0,9.61,65.0,0.0,6.59,15.69,4.06,1.72,0.0723961803242282,0.2356389214536928,3.587119379327605,0.089875852421752,0.900791742304311,Economic Stability,35.8852245701283
2020,Texas,Rusk County,48401,56223.0,7.34,0.46,11.12,5.43,65.71,32.2,10.38,17.38,5.56,2.79,19.77,0.0,4.68,4.45,0.4,2.0,3.94,131200.0,53.23,52.0,1.0,12.0,26.69,5.33,2.8,0.4730179880079946,0.3936107854630715,11.64856844217744,0.5542927085154747,0.4861578999420096,Economic Stability,31.02924064079576
2020,Texas,Sabine County,48403,38917.0,9.31,0.5,13.66,7.94,57.51,35.15,10.28,14.31,7.07,0.0,17.09,0.0,8.54,2.58,0.86,1.0,4.6,99900.0,41.25,53.0,0.0,18.63,25.24,0.2,0.15,0.7034199422607151,0.5864595545134818,19.845745955126485,0.6618289910823572,0.333230667221023,Economic Stability,37.368517209409994
2020,Texas,San Jacinto County,48407,44566.0,7.3,0.44,15.09,6.59,61.59,42.54,10.0,14.51,5.17,3.64,23.55,0.0,11.42,8.08,0.07,1.0,2.68,126700.0,30.12,72.0,0.0,15.63,17.15,3.57,1.22,0.4339329335998223,0.4337631887456038,13.774385774058578,0.535233432418255,0.5053037415945398,Healthcare Access,31.6682271950056
2020,Texas,San Patricio County,48409,56111.0,5.0,0.46,17.55,7.43,61.66,32.75,10.78,18.61,5.1,0.74,19.21,0.0,6.84,4.35,0.49,1.0,6.29,129400.0,53.44,85.0,0.0,9.73,34.57,3.07,3.12,0.3059071729957806,0.3308909730363423,12.582892634756904,0.5604126595558665,0.5388911550641117,Healthcare Access,22.712880186515974
2020,Texas,Scurry County,48415,50277.0,3.49,0.42,5.1,3.29,64.54,33.0,11.51,19.78,4.61,3.93,23.34,0.0,2.99,2.99,0.3,1.0,5.31,87600.0,69.62,25.0,0.0,15.4,20.59,3.26,2.4,0.56351321341328,0.3789566236811255,12.479462443177717,0.7118377338695576,0.3659477332861688,Economic Stability,30.679067505024648
2020,Texas,Shelby County,48419,41170.0,5.56,0.47,17.25,11.01,55.81,34.53,10.33,22.01,3.68,0.26,25.85,0.0,6.51,1.72,0.92,1.0,7.41,81800.0,43.01,58.0,1.0,12.4,45.4,6.68,3.65,0.6000444148345547,0.3220984759671746,21.93199917593737,0.5413533834586468,0.462964797877728,Economic Stability,35.511366925545204
2020,Texas,Smith County,48423,59450.0,5.47,0.46,9.48,6.51,67.06,23.5,18.26,12.91,8.78,1.96,19.65,0.0,2.82,4.36,1.75,2.0,3.83,164200.0,42.87,52.0,0.0,10.56,22.34,5.25,3.63,0.3495447479458139,0.4495896834701055,13.632370545543504,0.3551320160867284,0.6370983976172082,Healthcare Access,39.89712621599991
2020,Texas,Somervell County,48425,64394.0,4.9,0.43,8.62,5.76,74.89,34.69,21.12,8.15,7.76,0.0,16.72,0.0,1.72,19.3,1.2,2.0,2.86,205800.0,34.28,75.0,0.0,12.78,12.7,1.89,1.37,0.8627581612258495,0.6424384525205158,16.638752072606685,0.2358803986710964,0.5354004671775356,Healthcare Access,32.50893424997531
2020,Texas,Starr County,48427,30931.0,13.14,0.5,38.53,15.07,38.65,26.51,7.65,42.39,3.29,4.66,37.21,0.0,6.87,2.28,0.25,1.0,10.87,76900.0,26.34,103.0,0.0,11.12,44.52,18.77,32.86,0.0568509882300688,0.0231535756154747,25.929444949036228,0.7086903304773562,0.5554151476830181,Economic Stability,39.17926603992999
2020,Texas,Stephens County,48429,44940.0,8.6,0.49,13.17,5.69,59.94,32.97,12.14,20.21,3.61,0.0,25.09,0.0,0.25,0.3,1.07,1.0,10.62,81300.0,66.46,63.0,0.0,13.41,43.94,2.38,0.47,0.8749722407284031,0.5398593200468933,18.738755614062256,0.5083056478405314,0.3785390070724708,Healthcare Access,32.71279362252181
2020,Texas,Swisher County,48437,36337.0,7.42,0.47,12.31,11.16,43.99,35.17,11.98,24.76,3.94,4.49,27.08,0.0,6.36,6.29,0.27,2.0,8.54,78600.0,82.11,9.0,0.0,19.08,26.65,10.17,9.85,0.7952476127026427,0.8053927315357562,22.345812106272252,0.8232208428046861,0.1869539373528199,Economic Stability,30.713538748907943
2020,Texas,Tarrant County,48439,70306.0,4.97,0.45,10.19,4.37,71.14,23.93,21.65,13.5,10.96,1.94,18.21,0.0,2.05,6.89,1.02,2.0,4.33,209600.0,36.22,67.0,5.0,7.54,30.68,9.38,5.76,0.1431268043526537,0.2356389214536928,10.923383946223806,0.272250393425424,0.7701478304935802,Education,24.29493485973132
2020,Texas,Taylor County,48441,55568.0,3.02,0.45,12.94,5.95,64.45,30.55,17.19,10.5,9.64,0.24,16.38,0.0,2.08,13.79,1.78,2.0,5.37,137600.0,56.8,45.0,0.0,9.53,31.5,3.9,2.48,0.4378192316233622,0.4771395076201641,13.904093804284887,0.5574401119076762,0.4864762126063692,Healthcare Access,43.56950792830513
2020,Texas,Terry County,48445,44052.0,7.8,0.44,17.95,7.73,51.58,30.27,8.43,30.28,3.13,8.42,29.54,0.08,1.16,0.96,0.41,2.0,6.29,78500.0,71.35,10.0,0.0,10.51,29.35,7.99,11.46,0.4269375971574505,0.5175849941383353,19.30587985865724,0.8270676691729324,0.3239196199351719,Healthcare Access,36.10619007674948
2020,Texas,Titus County,48449,53406.0,5.06,0.41,15.98,5.7,53.59,35.45,12.15,21.83,4.6,8.91,20.79,0.0,2.18,2.22,1.25,2.0,3.68,99900.0,39.97,47.0,0.0,7.83,28.24,14.71,7.28,0.3044636908727515,0.3232708089097303,15.976886188327754,0.5194964154572479,0.5646359625728528,Education,25.912176908598088
2020,Texas,Tom Green County,48451,57670.0,4.03,0.45,9.75,5.46,68.82,29.07,16.69,13.62,8.31,1.6,15.79,0.0,1.93,2.96,1.17,2.0,5.49,149700.0,56.28,44.0,0.0,11.71,30.4,3.28,3.43,0.2846990894958916,0.3528722157092614,11.899810606060605,0.4913446406714462,0.5844962671774386,Healthcare Access,36.60458154367607
2020,Texas,Travis County,48453,80668.0,4.31,0.47,6.56,5.2,75.01,15.73,32.45,9.74,19.09,0.87,13.45,0.0,2.1,1.9,1.36,2.0,5.44,347700.0,28.51,67.0,0.0,6.26,25.26,10.55,5.23,0.1866533422163002,0.2242086752637749,10.922104171468078,0.0910998426298304,0.8669232242308342,Education,35.770779581810686
2020,Texas,Trinity County,48455,44052.0,7.07,0.47,15.63,8.91,58.9,35.74,9.74,17.44,3.9,2.89,25.77,0.0,4.07,4.06,0.27,1.0,7.55,87500.0,42.6,72.0,0.0,12.47,32.03,3.39,1.47,0.6880968243393293,0.5383939038686988,17.46472207133804,0.5285889141458298,0.4225782138238335,Economic Stability,31.333519280479845
2020,Texas,Tyler County,48457,47865.0,14.4,0.44,17.19,7.39,63.02,41.68,10.51,18.68,3.74,7.54,22.65,0.0,6.58,5.61,0.37,1.0,7.27,91000.0,46.17,65.0,0.0,14.59,27.15,2.15,0.17,0.4914501443482123,0.5117233294255569,18.98268268975877,0.5693303025004373,0.4597944422527182,Economic Stability,36.61394500834162
2020,Texas,Upshur County,48459,54330.0,5.95,0.45,14.44,6.66,65.3,34.93,12.63,13.24,5.61,2.81,18.34,0.0,6.81,6.86,0.12,2.0,4.1,153800.0,38.08,50.0,0.0,11.88,26.79,1.9,0.72,0.419053964023984,0.3962485345838218,14.822637035701408,0.4610945969575101,0.5580021991599164,Healthcare Access,38.70828575526676
2020,Texas,Uvalde County,48463,45936.0,4.94,0.47,23.26,8.09,50.84,29.57,14.5,24.13,4.94,3.19,24.06,0.0,1.73,0.83,0.71,1.0,8.25,103000.0,44.45,86.0,0.0,14.2,43.36,7.19,8.78,0.3844103930712857,0.3159437280187572,19.180655682202914,0.5450253540828816,0.5260672968270096,Economic Stability,34.1057278195104
2020,Texas,Val Verde County,48465,47675.0,4.0,0.46,18.97,11.73,55.04,24.52,12.43,29.98,6.69,1.36,25.26,0.0,1.87,1.23,0.53,1.0,6.66,105400.0,48.45,92.0,0.0,11.08,33.87,12.08,12.39,0.170886075949367,0.1699882766705744,16.308054530432386,0.6098968351110334,0.5657972484815124,Economic Stability,29.409645463011238
2020,Texas,Van Zandt County,48467,57203.0,4.01,0.47,11.72,5.4,65.18,33.0,11.75,14.7,4.03,3.89,21.78,0.0,13.71,1.83,0.28,1.0,2.78,152200.0,39.63,58.0,0.0,11.04,24.39,1.98,1.41,0.5043304463690872,0.4041617819460726,13.272377893162018,0.425249169435216,0.553135186233537,Healthcare Access,43.24481444398635
2020,Texas,Victoria County,48469,58959.0,5.18,0.46,13.12,5.65,65.2,30.51,13.03,16.6,5.89,1.93,20.32,0.0,1.85,22.57,1.12,2.0,6.11,152900.0,52.92,80.0,0.0,10.88,32.55,3.85,2.37,0.2995780590717299,0.4194021101992966,13.886301305657852,0.4096870082182199,0.6223741663276193,Healthcare Access,53.800885591734335
2020,Texas,Walker County,48471,41508.0,3.42,0.48,6.83,14.47,56.06,39.92,13.14,14.03,5.88,0.46,14.31,0.0,5.05,4.78,0.51,2.0,6.35,160100.0,31.04,67.0,0.0,11.14,30.07,6.18,2.4,0.1586719964468132,0.2406213364595545,20.84812361122541,0.4037419129218395,0.6860911196668967,Economic Stability,51.21975977027894
2020,Texas,Waller County,48473,61752.0,5.29,0.46,9.35,6.9,68.91,31.49,15.3,14.76,7.68,0.47,21.79,0.0,7.65,5.82,0.24,1.0,2.96,222700.0,26.65,71.0,0.0,7.24,28.39,8.77,5.68,0.2443926271374639,0.2649472450175849,14.805048032745802,0.3477880748382585,0.6915146424540473,Healthcare Access,30.15138316379462
2020,Texas,Washington County,48477,59623.0,4.58,0.47,7.3,4.32,70.52,31.01,18.24,12.48,9.85,2.11,14.72,0.0,3.85,2.7,0.64,2.0,5.22,193000.0,41.5,77.0,0.0,14.51,25.48,4.25,1.97,0.3024650233177881,0.1576787807737397,10.398258780649437,0.2699772687532786,0.7315062536753223,Economic Stability,32.69246384127455
2020,Texas,Webb County,48479,50296.0,5.67,0.46,24.56,9.44,49.7,24.57,13.38,31.85,5.38,2.02,31.28,0.0,2.17,1.29,0.58,1.0,6.01,135000.0,26.43,90.0,0.0,7.21,34.93,17.89,25.6,0.0154341550077726,0.0381008206330597,19.925574435708853,0.4215771988109809,0.7386133521477738,Community Context,32.673984386028835
2020,Texas,Wharton County,48481,51770.0,5.3,0.48,16.21,7.33,61.72,29.07,12.75,19.95,6.02,3.36,22.82,0.0,2.92,2.25,0.67,2.0,7.73,148700.0,55.95,72.0,0.0,13.15,29.55,6.78,4.95,0.3622029757939151,0.3933177022274325,13.370432363918036,0.5270152124497289,0.5357982095692448,Healthcare Access,35.51099382057485
2020,Texas,Wichita County,48485,49710.0,4.57,0.46,13.38,9.01,61.53,32.6,15.4,11.73,7.73,2.39,17.5,0.0,2.22,2.22,1.46,2.0,6.65,103200.0,64.67,60.0,0.0,11.87,35.35,3.62,2.2,0.4080612924716855,0.4000586166471277,17.653202334950258,0.5476481902430494,0.508986836447952,Healthcare Access,38.41837475164416
2020,Texas,Wilbarger County,48487,45121.0,6.94,0.41,17.83,3.69,53.15,33.42,11.87,21.26,3.02,10.89,15.0,0.0,0.85,26.11,1.04,2.0,5.77,73200.0,74.12,57.0,0.0,15.06,43.6,3.35,2.42,0.4809016211414612,0.3645955451348183,19.07565314793357,0.6933030250043715,0.4032881441414569,Healthcare Access,28.064059587624378
2020,Texas,Willacy County,48489,37906.0,10.44,0.46,26.45,11.2,44.28,37.17,6.41,29.93,2.79,4.06,31.44,0.0,3.63,3.63,0.09,1.0,4.42,62100.0,50.32,88.0,0.0,12.33,43.88,7.03,14.21,0.2047523872973573,0.2139507620164126,22.305729518581085,0.765343591536982,0.4579730526869623,Economic Stability,39.300167480142406
2020,Texas,Williamson County,48491,90834.0,4.96,0.39,5.03,2.49,82.7,20.24,27.65,6.72,14.22,1.61,10.72,0.0,3.08,3.09,0.68,2.0,2.27,282700.0,11.62,66.0,0.0,7.88,19.87,7.14,2.79,0.108150122140795,0.2508792497069168,5.848610231232183,0.0262283616016786,0.9267300214260626,Economic Stability,35.74050638441692
2020,Texas,Wilson County,48493,80082.0,4.01,0.44,8.59,4.87,73.17,34.33,15.99,11.43,6.93,3.22,16.02,0.0,8.51,4.5,0.46,1.0,2.45,210600.0,21.65,82.0,0.0,6.93,17.73,2.38,2.56,0.4177215189873418,0.2561547479484173,9.297868679032373,0.1696100716908551,0.7473020264944427,Economic Stability,31.36228740563643
2020,Texas,Winkler County,48495,63585.0,2.55,0.39,9.59,4.55,65.73,30.41,7.26,31.12,2.27,1.22,28.17,0.0,0.93,0.94,0.13,1.0,4.93,82800.0,79.83,27.0,0.0,9.24,25.83,9.0,8.48,1.0,0.9091441969519344,11.97511623604859,0.7989158943871306,0.1297360436725282,Economic Stability,25.257777218992356
2020,Texas,Wise County,48497,67726.0,4.36,0.42,9.05,3.28,70.71,34.23,14.04,13.86,4.77,0.3,20.0,0.0,8.14,4.43,0.8,2.0,2.59,178200.0,30.08,62.0,0.0,8.01,22.52,5.44,3.35,0.3769709082833666,0.4109026963657679,9.787942838688842,0.3199860115404792,0.6538268509541256,Economic Stability,38.836307311561576
2020,Texas,Wood County,48499,56749.0,5.15,0.47,10.64,6.4,67.85,33.05,12.18,14.36,6.99,2.44,21.38,0.0,6.17,2.83,0.73,2.0,5.17,151400.0,33.63,51.0,0.0,14.6,28.88,2.86,0.83,0.5870530757272929,0.4053341148886283,13.366562893647652,0.459171183773387,0.507847955528917,Community Context,27.286195418515714
2020,Texas,Young County,48503,52158.0,2.99,0.47,11.56,8.09,68.14,30.4,16.47,15.18,7.1,0.0,23.77,0.0,2.22,2.27,1.06,2.0,4.73,122100.0,62.69,60.0,3.0,12.79,31.29,3.99,5.61,0.5757272929158339,0.6400937866354044,15.288990921507189,0.6158419304074139,0.393767275217261,Healthcare Access,30.455747876562985
